pcr,dvl,enforcement_mode,scope_level,policy_age_days,resource_type_flag,vuln_count_30d,true_label,predicted_label,anomaly_score
0.3333,90.0,1,1,54.0,1,19,0,0,-0.11203138497453285
0.0,44.9,0,0,48.9,1,40,1,1,0.034432383176452364
0.6667,99.1,1,0,134.5,1,6,0,0,-0.07058469566866388
0.0,46.0,0,0,246.1,1,60,1,1,0.029946683776581495
0.0,54.3,0,1,198.4,1,55,1,1,0.03982180930446144
0.0395,47.6,1,0,244.4,1,35,0,1,0.028987927728008955
0.4,92.3,1,1,547.6,1,27,0,0,-0.1270935971895863
0.2991,93.3,1,0,687.1,1,19,0,0,-0.09678820880350919
0.0526,62.9,1,1,592.2,1,59,0,1,0.056871636547136895
0.6667,95.8,1,1,150.3,1,9,0,0,-0.1104576880137913
0.5,100.1,1,0,53.4,1,10,0,0,-0.07653030374615977
1.0,87.3,1,0,148.5,1,15,0,0,-0.049365315830482204
0.3333,97.2,1,1,699.4,1,29,0,0,-0.09816662964901918
1.0,92.8,1,0,631.9,1,5,0,0,-0.023362572811445936
0.3333,80.0,1,0,547.7,1,29,0,0,-0.10548991866415852
0.3333,96.2,1,1,259.9,1,17,0,0,-0.15182639981935753
0.7,107.1,1,1,181.4,1,14,0,0,-0.07906711147817125
0.6,90.1,1,0,559.8,1,10,0,0,-0.10288179561816602
0.0,30.2,0,1,593.1,1,45,1,1,0.05514624424864645
0.6667,102.9,1,1,164.0,1,14,0,0,-0.10652868688564432
0.3333,106.2,1,1,150.9,1,29,0,0,-0.08885554782561544
0.3333,92.8,1,1,140.7,1,17,0,0,-0.13712491428528173
0.6667,92.0,1,1,408.3,1,13,0,0,-0.13829822805684783
0.6667,106.2,1,1,59.8,1,4,0,0,-0.019618571305392574
0.6667,101.0,1,1,452.1,1,9,0,0,-0.12165056145931685
0.25,87.6,1,1,591.8,1,28,0,0,-0.11729933368748852
0.2,95.6,1,0,252.7,1,28,0,0,-0.09159746445361566
0.3333,82.8,1,1,598.8,1,23,0,0,-0.1451002187441935
0.3333,92.6,1,1,353.2,1,18,0,0,-0.16342196820426835
0.6667,102.5,1,1,681.6,1,15,0,0,-0.0960170662973967
0.3333,106.8,1,1,314.1,1,17,0,0,-0.11509200717069579
0.75,104.2,1,0,619.9,1,13,0,0,-0.06834171100207342
0.6667,85.2,1,1,493.5,1,4,0,0,-0.08976216528571257
0.6667,87.4,1,1,287.4,1,5,0,0,-0.10494740177399836
0.5,90.8,1,0,567.9,1,14,0,0,-0.1251673144669665
0.3333,90.1,1,1,241.9,1,21,0,0,-0.1589318565991214
0.5,72.2,1,0,359.8,1,6,0,0,-0.0759455407479318
0.6667,86.4,1,1,609.1,1,6,0,0,-0.09693148426892595
0.8333,102.3,1,0,494.6,1,8,0,0,-0.06315309335172736
0.5,106.0,1,0,35.3,1,10,0,0,-0.04636638645703561
0.8,85.4,1,1,464.1,1,10,0,0,-0.0929447473211531
0.3333,104.5,1,1,319.5,1,21,0,0,-0.13809909733516063
0.0,44.0,0,0,405.3,1,43,1,0,-0.0016178518643902295
0.4,97.9,1,1,494.7,1,18,0,0,-0.1405323242994529
0.3333,76.3,1,1,713.2,1,21,0,0,-0.09798781491177494
0.2,88.3,1,0,716.3,1,27,0,0,-0.06087548498661244
0.5,76.9,1,1,448.2,1,27,0,0,-0.10442531661751203
0.3333,74.1,1,1,448.4,1,17,0,0,-0.13223139969749276
0.5455,74.7,1,0,144.3,1,20,0,0,-0.09562711494545367
0.6667,90.4,1,1,289.2,1,12,0,0,-0.13793227223859916
0.5,79.2,1,0,403.7,1,4,0,0,-0.08181555352629272
0.3333,75.8,1,1,391.9,1,29,0,0,-0.13344693265095997
0.6667,94.3,1,0,656.4,1,7,0,0,-0.07555607799425129
0.2,97.1,1,0,722.2,1,24,0,0,-0.05496141433991364
0.3333,81.6,1,1,236.8,1,25,0,0,-0.15219246785364654
0.7778,89.0,1,0,601.8,1,7,0,0,-0.07285007476453154
0.0,60.6,0,0,103.9,1,62,1,1,0.06413106107339017
0.3,76.9,1,1,611.8,1,19,0,0,-0.12622735170821953
0.0,84.7,0,0,126.1,1,30,1,1,0.011723423917626374
0.6667,88.5,1,1,401.7,1,13,0,0,-0.14177128563903618
0.3333,80.8,1,1,83.3,1,20,0,0,-0.12679736989363333
0.6,76.9,1,0,93.4,1,6,0,0,-0.05782395933144835
0.3333,82.8,1,1,584.8,1,7,0,0,-0.09473374685781816
0.9,94.2,1,0,353.9,1,11,0,0,-0.07915555644054767
0.6667,91.1,1,1,631.4,1,8,0,0,-0.10419145500312277
0.6667,107.4,1,1,688.4,1,10,0,0,-0.059478801099788536
0.6,74.9,1,0,50.1,1,7,0,0,-0.041532309493759634
0.6667,97.0,1,1,173.7,1,13,0,0,-0.11914690187437815
0.3333,80.6,1,1,133.4,1,25,0,0,-0.1365599574528315
0.4167,91.7,1,0,353.7,1,20,0,0,-0.13866174192965042
0.5,76.0,1,0,70.0,1,14,0,0,-0.08454337504826992
0.5,86.1,1,0,223.8,1,4,0,0,-0.08833967237870854
0.6667,72.4,1,1,127.1,1,5,0,0,-0.05816743062283303
0.85,76.4,1,0,543.6,1,14,0,0,-0.06984100918587599
0.6667,75.7,1,1,423.0,1,14,0,0,-0.13022989592770157
0.0,89.2,0,1,252.3,1,20,1,1,0.005265003824091896
0.5,88.9,1,0,479.1,1,6,0,0,-0.10315040360805555
0.0,52.3,0,0,569.4,1,31,1,1,0.00011499669458348016
0.6667,97.3,1,1,82.5,1,10,0,0,-0.09608899411917626
0.8,98.3,1,0,208.2,1,6,0,0,-0.07069140224871606
0.3333,75.0,1,1,303.6,1,20,0,0,-0.1445550084622974
0.0342,42.6,1,0,397.7,1,32,0,1,0.021509063013732677
0.5,79.5,1,0,77.3,1,5,0,0,-0.055109724223818435
0.3333,72.7,1,0,139.5,1,26,0,0,-0.08221579187016237
0.5,90.1,1,0,158.0,1,13,0,0,-0.11752377042808604
0.0,42.8,0,1,348.1,1,60,1,1,0.04455234768568128
0.3333,79.9,1,1,357.2,1,23,0,0,-0.15565544772428414
0.5,75.1,1,0,361.4,1,8,0,0,-0.10251874390816323
0.0273,61.7,1,0,140.7,1,45,0,1,0.03904317794064449
0.0,40.4,0,0,467.4,1,55,1,1,0.02668243002227566
0.3636,82.0,1,0,544.0,1,18,0,0,-0.12492057150045383
0.3333,106.3,1,1,313.0,1,24,0,0,-0.12261724453301032
1.0,72.1,1,0,401.5,1,11,0,0,-0.04503442394203305
0.7143,77.7,1,0,32.6,1,9,0,0,-0.046015572167229846
0.3333,93.7,1,1,568.8,1,21,0,0,-0.1536355167137201
0.3333,87.1,1,1,671.0,1,28,0,0,-0.11782164510575166
0.0,27.2,0,0,83.6,1,38,1,1,0.05536181188595635
0.5,81.3,1,0,138.9,1,24,0,0,-0.10700369798691611
0.5,106.2,1,0,377.8,1,27,0,0,-0.08698236075239729
0.0,62.9,0,0,123.6,1,54,1,1,0.04005161749306407
0.6667,76.2,1,0,588.3,1,12,0,0,-0.09600801546094029
1.0,80.7,1,0,366.5,1,4,0,0,-0.025768685048709994
0.3333,103.3,1,0,583.6,1,29,0,0,-0.09714735437107053
0.3333,80.3,1,1,589.5,1,28,0,0,-0.13302916444088198
0.5385,85.6,1,0,477.5,1,20,0,0,-0.12316951903404022
0.75,90.3,1,1,321.0,1,12,0,0,-0.12176973946928998
0.6667,97.2,1,1,354.7,1,5,0,0,-0.10174363517916524
0.5,96.6,1,0,700.8,1,15,0,0,-0.09234962696513671
1.0,73.5,1,1,79.1,1,11,0,0,-0.009834077769964034
0.2308,85.0,1,0,269.8,1,17,0,0,-0.1106356329673045
0.8333,102.0,1,0,547.7,1,7,0,0,-0.04978838881246361
0.5,96.2,1,0,642.5,1,26,0,0,-0.1015331026959394
0.7544,77.8,1,1,401.9,1,14,0,0,-0.10937988557019895
0.2727,106.6,1,0,667.4,1,18,0,0,-0.053364481197431535
0.3333,76.5,1,1,483.1,1,24,0,0,-0.13994803399579336
0.5,87.3,1,0,288.3,1,9,0,0,-0.12804898877922144
0.3333,76.6,1,1,591.7,1,26,0,0,-0.13070692499707254
0.3333,76.2,1,1,712.7,1,28,0,0,-0.09057379898734358
0.2603,105.2,1,1,681.6,1,27,0,0,-0.07189494530148366
0.3333,74.5,1,1,495.4,1,21,0,0,-0.1363438185595749
0.2857,74.4,1,0,205.9,1,30,0,0,-0.08104747642651555
0.6667,78.1,1,1,722.6,1,4,0,0,-0.033209244255600345
0.4,81.9,1,0,519.9,1,23,0,0,-0.12816598554082687
0.3636,82.2,1,0,37.5,1,29,0,0,-0.06226759106324575
0.6667,91.2,1,0,446.8,1,15,0,0,-0.12052324860856728
0.25,101.5,1,1,675.1,1,25,0,0,-0.08753157024905261
0.7,83.0,1,0,403.2,1,8,0,0,-0.10548686078436886
0.3333,95.4,1,1,300.8,1,17,0,0,-0.15296412729700742
0.3333,95.1,1,1,664.5,1,19,0,0,-0.12863330714441779
0.3333,95.8,1,1,618.8,1,22,0,0,-0.1443163640173899
0.6667,73.4,1,1,525.8,1,10,0,0,-0.10955504128128646
0.3333,106.2,1,1,93.3,1,17,0,0,-0.0905181063249006
0.3333,107.3,1,1,221.9,1,24,0,0,-0.11537856827603632
0.6667,84.4,1,1,213.1,1,12,0,0,-0.13345526818272269
0.0413,58.3,1,2,163.2,1,31,0,1,0.056934674388658846
0.2632,98.2,1,1,319.8,1,29,0,0,-0.12281795162515025
0.0,105.7,0,0,397.9,1,5,1,1,0.048703482358810835
0.0,76.8,0,0,514.9,1,29,1,0,-0.01513348651166957
0.3333,94.3,1,1,114.0,1,18,0,0,-0.12567036527401537
0.2,103.0,1,0,272.0,1,19,0,0,-0.09858875131764055
1.0,97.7,1,0,288.0,1,12,0,0,-0.06289832730638456
0.2,86.5,1,0,423.0,1,17,0,0,-0.10788643121722052
1.0,103.7,1,0,526.7,1,13,0,0,-0.04155904488965023
0.9431,107.2,1,2,505.6,1,9,0,1,0.017005625369613142
0.0,47.4,0,0,240.4,1,42,1,0,-0.006926977414950075
0.0,55.6,0,0,504.1,1,47,1,1,0.001000914096138672
1.0,97.2,1,0,281.3,1,10,0,0,-0.05990907110591215
0.5,74.6,1,0,383.1,1,22,0,0,-0.11779419231741989
0.3333,104.3,1,0,123.1,1,30,0,0,-0.07505150244622327
0.3333,95.5,1,1,517.1,1,27,0,0,-0.1484755434285896
0.3333,95.7,1,1,247.8,1,21,0,0,-0.1563692746786723
0.5,90.8,1,0,171.0,1,20,0,0,-0.12919533673735978
0.6667,81.3,1,1,101.2,1,6,0,0,-0.08261093222863769
0.6471,86.8,1,0,122.6,1,9,0,0,-0.09098514016979192
0.0,83.1,0,0,118.0,1,6,1,1,0.04310563752242713
0.7143,85.2,1,0,299.2,1,13,0,0,-0.11913970627994591
0.4615,82.4,1,0,346.3,1,29,0,0,-0.11333205220906484
0.0,35.1,0,1,650.6,1,39,1,1,0.055985612804639096
0.0,72.2,0,0,494.9,1,31,1,0,-0.01125123520042648
0.6667,102.5,1,1,382.8,1,5,0,0,-0.09224665794174886
0.6667,94.9,1,1,386.7,1,15,0,0,-0.13742160046267932
0.3333,105.9,1,1,342.7,1,31,0,0,-0.09265223150937768
0.0,37.3,0,1,276.7,1,42,1,1,0.028766674977647844
0.6667,99.9,1,0,656.4,1,5,0,0,-0.06345219561208848
1.0,106.0,1,1,408.4,1,5,0,1,0.004235266225871337
0.5,87.6,1,0,183.8,1,20,0,0,-0.13323355072416881
0.3333,95.1,1,1,215.1,1,17,0,0,-0.14631631611893675
0.6667,81.0,1,1,672.3,1,15,0,0,-0.10274437332443176
0.3333,95.3,1,1,429.1,1,30,0,0,-0.13768660031729307
0.8,91.6,1,0,647.2,1,13,0,0,-0.0685320954399894
0.3333,80.8,1,1,153.2,1,30,0,0,-0.11537065097297422
0.7619,80.8,1,1,583.9,1,7,0,0,-0.07883244788423138
0.0,37.3,0,1,280.2,1,46,1,1,0.028657298644440887
0.5,88.0,1,1,376.4,1,27,0,0,-0.12258524130665166
0.5,78.1,1,0,351.9,1,4,0,0,-0.08178759734957097
0.5,106.9,1,0,507.6,1,7,0,0,-0.07204381181441444
0.4737,91.0,1,1,158.5,1,22,0,0,-0.12275426943199857
0.5,98.8,1,0,127.7,1,26,0,0,-0.10151626979502848
0.0,58.7,0,0,300.3,1,51,1,1,0.006409700220120995
0.3333,90.4,1,1,44.3,1,28,0,0,-0.09783458532825373
0.4762,94.4,1,1,465.9,1,18,0,0,-0.13866181483843398
0.6667,106.6,1,1,397.2,1,4,0,0,-0.05529773374957636
0.3333,84.7,1,1,308.1,1,17,0,0,-0.15599726328193392
0.0441,43.7,1,2,200.3,1,56,0,1,0.11711930198403753
0.8571,99.7,1,1,709.5,1,14,0,0,-0.04123731218621862
0.3158,105.7,1,0,584.8,1,30,0,0,-0.07441048049511106
0.0,61.5,0,1,671.7,1,36,1,1,0.03644163999805672
0.6667,90.9,1,1,698.7,1,9,0,0,-0.08674004127641088
0.3333,102.8,1,1,62.2,1,17,0,0,-0.09585101492669951
0.1667,83.8,1,0,501.1,1,25,0,0,-0.09925805633324841
1.0,77.0,1,0,724.0,1,13,0,1,0.0033788230216819093
0.3846,84.1,1,0,125.4,1,31,0,0,-0.07741280457094735
0.0,42.5,0,0,326.9,1,40,1,0,-0.004483794792992213
0.2727,78.1,1,0,267.6,1,27,0,0,-0.10869818748151344
0.5,75.4,1,0,65.3,1,15,0,0,-0.08365375272690467
0.3333,85.5,1,1,474.6,1,17,0,0,-0.15047837660755403
0.3333,83.3,1,0,597.6,1,29,0,0,-0.10532534465239596
0.0,40.1,0,1,123.7,1,46,1,1,0.04244931359847737
0.6667,97.8,1,1,390.7,1,16,0,0,-0.13233261991351486
0.25,81.4,1,0,546.0,1,16,0,0,-0.10846199704536175
0.25,73.5,1,0,120.7,1,17,0,0,-0.07249517758602475
0.25,83.0,1,1,231.2,1,25,0,0,-0.11485139427268665
0.5,92.5,1,0,132.0,1,12,0,0,-0.1113283246900611
0.3333,80.1,1,1,549.2,1,22,0,0,-0.14469310291922294
0.3333,78.5,1,1,365.9,1,28,0,0,-0.145382361331317
0.0,45.7,0,0,254.3,1,46,1,0,-0.003837945290885436
0.3333,96.1,1,1,598.8,1,20,0,0,-0.14897154108399885
0.6667,105.0,1,1,433.8,1,16,0,0,-0.10772986380490568
0.25,86.9,1,0,387.6,1,22,0,0,-0.12647497130333957
0.4,72.4,1,0,176.7,1,18,0,0,-0.09664257994397218
0.6667,99.2,1,1,630.8,1,10,0,0,-0.10747437445474861
0.3333,92.5,1,1,445.8,1,28,0,0,-0.15207240429801605
0.8,82.8,1,1,608.4,1,12,0,0,-0.08323556630427481
0.0,57.3,0,1,238.1,1,44,1,1,0.018813909910186388
0.3333,83.9,1,1,349.7,1,22,0,0,-0.1604909991062941
0.8095,98.7,1,1,177.2,1,5,0,0,-0.047894741435863475
0.25,72.1,1,0,722.7,1,29,0,0,-0.03165844184623634
0.0,61.2,0,0,273.8,1,62,1,1,0.04801481284766995
0.6667,92.3,1,1,389.5,1,7,0,0,-0.12303643406435422
0.069,32.7,1,0,562.5,1,43,0,1,0.06488647117404633
0.75,89.3,1,0,478.1,1,8,0,0,-0.09783567752152045
0.8,74.6,1,0,205.7,1,10,0,0,-0.08079585771428593
1.0,78.4,1,1,144.8,1,11,0,0,-0.04370404007043438
0.0,61.9,0,1,324.7,1,49,1,1,0.022393609949318494
0.0,94.8,0,0,298.0,1,19,1,0,-0.00745270983443358
0.4,92.6,1,0,589.7,1,24,0,0,-0.120782989876704
0.3333,95.9,1,0,564.5,1,29,0,0,-0.1133863444640521
0.3333,84.2,1,1,611.1,1,26,0,0,-0.1382041922828242
0.2,79.3,1,0,131.3,1,24,0,0,-0.08021869815611599
1.0,93.2,1,0,406.8,1,6,0,0,-0.044629897259976015
0.25,104.8,1,0,424.9,1,22,0,0,-0.09783541765827347
0.1667,75.2,1,0,278.8,1,25,0,0,-0.08230440263449729
0.75,73.1,1,0,310.6,1,16,0,0,-0.08407878326057905
0.2,76.8,1,1,262.4,1,25,0,0,-0.09096548164530033
0.6667,98.3,1,1,708.4,1,5,0,0,-0.05138453707357982
0.3333,80.2,1,1,264.0,1,27,0,0,-0.1461531725480334
0.0,36.6,0,0,513.1,1,42,1,1,0.01809476972209978
1.0,74.8,1,0,86.1,1,16,0,0,-0.013640706515129386
0.3333,94.1,1,1,73.9,1,28,0,0,-0.11177025359197851
0.0,36.0,0,0,439.9,1,42,1,1,0.016479806711162004
0.25,77.4,1,0,140.0,1,17,0,0,-0.08737320841508961
0.3333,96.0,1,1,658.8,1,31,0,0,-0.09808015326423153
0.4,78.2,1,0,248.5,1,27,0,0,-0.11486804770988462
0.3636,106.6,1,0,641.2,1,23,0,0,-0.07624756746791628
0.3684,76.0,1,0,727.7,1,23,0,0,-0.06678957129839602
0.0,106.8,0,0,463.3,1,21,1,1,0.008743149993286958
0.2,85.2,1,0,44.1,1,28,0,0,-0.05381299906254078
0.0,80.0,0,0,316.3,1,26,1,0,-0.02258401706428792
1.0,104.9,1,1,573.3,1,16,0,0,-0.02743954570434881
0.0,74.6,0,1,544.0,1,27,1,1,0.005628735855595646
0.8182,102.0,1,0,518.6,1,5,0,0,-0.054293317687489795
0.8,94.3,1,0,124.4,1,5,0,0,-0.04456401162353363
0.75,94.4,1,0,412.6,1,14,0,0,-0.10924201085347296
0.5,107.8,1,0,214.3,1,15,0,0,-0.09632225971433772
0.3333,103.1,1,1,674.0,1,26,0,0,-0.10318818214046283
1.0,102.2,1,1,583.3,1,7,0,0,-0.028214871531567876
0.6667,81.5,1,1,165.3,1,6,0,0,-0.09504499486574641
1.0,99.9,1,1,87.0,1,10,0,0,-0.022051655548329552
0.2,76.4,1,1,683.1,1,20,0,0,-0.08061412064497425
0.5,72.4,1,1,84.3,1,12,0,0,-0.07662820320121666
0.0,75.1,0,0,496.9,1,29,1,0,-0.014943507995524463
0.3333,107.0,1,1,389.7,1,28,0,0,-0.11237280063629607
0.9167,75.6,1,0,219.2,1,6,0,0,-0.03465841938450909
0.8333,90.0,1,0,155.4,1,14,0,0,-0.07799056345848937
0.5,73.2,1,0,103.8,1,13,0,0,-0.08011648068148819
0.4,94.2,1,0,393.4,1,27,0,0,-0.12685495610024328
0.0,38.3,0,1,335.5,1,61,1,1,0.058206557931711145
0.5,75.8,1,0,621.4,1,9,0,0,-0.09628858329334677
0.0,39.4,0,1,192.6,1,48,1,1,0.03525153120149771
0.0476,47.2,1,1,201.8,1,31,0,1,0.023192434433791598
0.0526,32.2,1,0,656.4,1,62,0,1,0.11324715477291403
0.6667,102.3,1,1,409.9,1,6,0,0,-0.09900251752128364
0.5,85.8,1,0,261.4,1,4,0,0,-0.09023385962303443
0.6667,104.1,1,1,59.4,1,15,0,0,-0.077960013016724
0.0839,49.3,1,2,410.6,1,60,0,1,0.12123157094865555
0.2,86.0,1,0,355.6,1,23,0,0,-0.11250866879008842
0.3333,80.8,1,0,455.5,1,23,0,0,-0.12835096098278176
0.6667,103.8,1,1,502.1,1,5,0,0,-0.08387843624407593
0.3333,81.7,1,1,74.1,1,29,0,0,-0.10415096541867169
0.3333,73.3,1,1,301.3,1,17,0,0,-0.130488279288193
0.3333,88.9,1,1,451.1,1,23,0,0,-0.1585527655866134
0.5,89.7,1,0,123.6,1,4,0,0,-0.062154346599529675
0.7778,90.4,1,0,700.7,1,16,0,0,-0.051072063821598346
0.0526,31.3,1,0,373.0,1,50,0,1,0.08550394800415906
0.3333,93.3,1,1,578.7,1,21,0,0,-0.15281093149860125
0.3333,104.6,1,0,400.1,1,21,0,0,-0.11805132420645248
0.0,72.1,0,0,446.5,1,5,1,1,0.023924303962133076
0.4,82.2,1,0,151.9,1,29,0,0,-0.09339154867645705
0.6667,79.1,1,1,726.7,1,6,0,0,-0.04949438479242241
0.3333,102.9,1,0,418.4,1,19,0,0,-0.12055753870111502
0.0,45.7,0,0,403.2,1,42,1,0,-0.003992517182585309
0.5,102.8,1,0,723.4,1,16,0,0,-0.06739527472172746
0.3333,93.9,1,1,266.2,1,30,0,0,-0.1360865046127107
0.5,102.1,1,0,50.2,1,10,0,0,-0.06993526256565241
0.0,55.9,0,0,254.0,1,55,1,1,0.019777811189707006
0.0,33.6,0,1,356.4,1,51,1,1,0.03929324346882379
0.8333,79.8,1,0,468.1,1,13,0,0,-0.0816038331338661
0.2727,101.7,1,0,346.2,1,17,0,0,-0.10676069643309954
0.3333,104.6,1,1,107.2,1,18,0,0,-0.1044275934058092
0.3333,85.9,1,1,465.4,1,31,0,0,-0.12185651137747244
0.0,92.9,0,0,269.3,1,19,1,0,-0.006275670935233957
0.2,100.8,1,0,413.7,1,24,0,0,-0.09871176253951669
0.8947,92.4,1,0,253.2,1,13,0,0,-0.08090703428181878
0.3333,74.2,1,1,387.7,1,24,0,0,-0.13659828724025475
0.3333,77.1,1,1,78.0,1,26,0,0,-0.10883316725265824
0.5,76.5,1,0,60.4,1,10,0,0,-0.06981282089367713
0.75,99.5,1,0,246.4,1,8,0,0,-0.09125750102146568
1.0,77.5,1,0,627.6,1,10,0,0,-0.03459443246926086
0.75,101.0,1,0,353.0,1,9,0,0,-0.09521990721138557
0.2,105.3,1,1,255.5,1,27,0,0,-0.07776520068603071
0.3333,91.7,1,1,458.9,1,25,0,0,-0.15420510617614785
0.3333,89.0,1,1,126.8,1,26,0,0,-0.1340113890189067
0.3333,74.9,1,0,95.3,1,18,0,0,-0.08989398557484185
0.3333,99.7,1,1,177.0,1,26,0,0,-0.13474717005250042
1.0,85.3,1,1,492.6,1,13,0,0,-0.06264741270541763
0.5,80.0,1,0,614.7,1,16,0,0,-0.12194749511045327
0.6667,106.0,1,1,590.1,1,10,0,0,-0.09080205078380238
0.6667,81.1,1,1,225.3,1,14,0,0,-0.13358141484884672
0.2,101.3,1,0,696.9,1,20,0,0,-0.06365717217270406
0.4,74.1,1,0,508.0,1,31,0,0,-0.08303192481358829
0.4444,79.6,1,0,53.1,1,30,0,0,-0.053766765330999666
0.3333,84.1,1,0,546.1,1,21,0,0,-0.1283451518155016
1.0,99.8,1,1,444.4,1,11,0,0,-0.05322561157861183
0.0,97.7,0,0,224.2,1,30,1,1,0.0062272725364426185
0.25,92.7,1,0,628.7,1,21,0,0,-0.11133965497064957
0.0,53.0,0,1,145.0,1,58,1,1,0.05436566170641299
0.3333,75.7,1,0,641.0,1,21,0,0,-0.1051486006592392
0.0,80.9,0,1,61.6,1,18,1,1,0.031720161803516
0.75,80.7,1,1,705.3,1,10,0,0,-0.059835864499106384
0.2222,107.9,1,0,337.3,1,27,0,0,-0.06698257012803488
0.0,35.1,0,0,214.0,1,55,1,1,0.03910750149096909
0.3333,99.5,1,1,679.3,1,19,0,0,-0.11476677240750366
0.6667,89.6,1,0,713.1,1,12,0,0,-0.0669865720356192
0.3333,102.4,1,1,478.4,1,23,0,0,-0.1415611488761147
0.3636,86.2,1,0,275.7,1,22,0,0,-0.13800302028173456
0.0,53.9,0,0,607.5,1,42,1,1,0.006073749476794288
0.3333,88.9,1,1,681.0,1,17,0,0,-0.12250874671082224
0.6,87.7,1,0,187.9,1,5,0,0,-0.08772916388636143
0.3333,75.4,1,1,694.4,1,24,0,0,-0.10188285633865485
0.3333,76.5,1,1,160.0,1,22,0,0,-0.13184218120887248
0.3,88.8,1,0,533.5,1,27,0,0,-0.12181919643604305
0.5,77.7,1,0,131.3,1,12,0,0,-0.10113261563204212
0.6667,75.9,1,1,359.2,1,14,0,0,-0.1285003029198853
0.4,102.9,1,0,178.1,1,20,0,0,-0.11848429043085079
0.25,99.3,1,0,113.4,1,27,0,0,-0.07971934746835097
0.46,92.5,1,0,634.0,1,29,0,0,-0.09419775091529653
1.0,83.9,1,0,613.0,1,7,0,0,-0.031815003128917496
0.6667,108.0,1,1,205.8,1,6,0,0,-0.06196201520919142
1.0,97.1,1,0,629.9,1,14,0,0,-0.04241099475565535
0.5,85.6,1,0,377.8,1,10,0,0,-0.1305334611831812
0.0,39.5,0,0,362.0,1,42,1,1,0.0044426555379775134
0.3333,103.3,1,1,395.0,1,17,0,0,-0.13872759239177257
0.25,86.2,1,0,115.7,1,23,0,0,-0.09346358281176381
0.375,87.7,1,0,480.5,1,18,0,0,-0.13315656895071704
0.3333,93.1,1,0,204.6,1,19,0,0,-0.1361328022783609
0.3333,97.0,1,1,54.0,1,19,0,0,-0.10953866195892187
0.7692,96.9,1,0,416.6,1,9,0,0,-0.10360918805135683
0.0,90.1,0,0,45.3,1,21,1,1,0.02959669941348042
0.0,103.4,0,1,595.6,1,16,1,1,0.043748926668301547
0.6897,77.3,1,0,413.6,1,13,0,0,-0.11114066343801987
0.25,93.3,1,1,640.7,1,28,0,0,-0.10738609922254394
0.2,106.4,1,0,598.8,1,28,0,0,-0.05290256362090384
0.3333,85.6,1,1,405.6,1,27,0,0,-0.1542043314946399
0.3333,86.5,1,0,538.6,1,24,0,0,-0.1316394399571451
0.5455,95.7,1,0,503.6,1,19,0,0,-0.12431048731235883
0.3158,80.4,1,1,491.6,1,30,0,0,-0.12624568420532023
0.3333,103.0,1,1,156.1,1,22,0,0,-0.12999363634337108
0.5,104.2,1,0,225.7,1,27,0,0,-0.10016028164110002
0.3333,74.3,1,1,193.2,1,31,0,0,-0.0961408748132932
0.25,89.0,1,1,390.1,1,27,0,0,-0.12552822216651344
0.3333,88.7,1,1,145.6,1,31,0,0,-0.10718396610212344
1.0,84.5,1,0,389.7,1,8,0,0,-0.061041296063788386
0.0,30.5,0,1,215.8,1,46,1,1,0.050739036121154824
0.3333,92.1,1,0,682.3,1,18,0,0,-0.09759153610223054
0.75,103.6,1,1,520.4,1,14,0,0,-0.0995258836919693
0.0,57.9,0,0,70.9,1,50,1,1,0.03665424690792218
0.3333,86.4,1,1,290.0,1,29,0,0,-0.14869791697454277
0.75,72.8,1,1,684.2,1,9,0,0,-0.05594382880088178
0.0,53.6,0,0,258.0,1,50,1,1,0.0016246684198762962
0.25,100.0,1,1,306.7,1,31,0,0,-0.09359754453216823
0.6,106.5,1,0,237.6,1,12,0,0,-0.09043015438634694
0.6667,81.1,1,1,723.6,1,6,0,0,-0.05101750730976051
0.3333,72.1,1,1,619.0,1,24,0,0,-0.10956809861183087
0.6,93.2,1,0,138.3,1,11,0,0,-0.10031303937368152
0.3333,72.4,1,1,496.9,1,18,0,0,-0.12403113861179682
0.7778,73.3,1,0,711.0,1,11,0,0,-0.033731597930008905
0.3333,86.3,1,1,92.4,1,20,0,0,-0.13412733570826874
0.06,33.6,1,0,601.5,1,32,0,1,0.050268809016048244
0.6667,74.9,1,1,636.9,1,10,0,0,-0.1002696773545152
0.5,100.3,1,0,504.3,1,10,0,0,-0.11960879346619235
0.4054,90.3,1,2,627.6,1,20,0,0,-0.07273543160947638
0.3333,103.9,1,1,129.3,1,27,0,0,-0.1073075995374827
0.5,103.9,1,0,647.0,1,19,0,0,-0.09866809225169543
0.25,93.8,1,1,240.0,1,20,0,0,-0.12838672725693928
0.0,61.3,0,0,377.3,1,43,1,1,0.0004945481240752336
0.6667,99.9,1,1,195.4,1,13,0,0,-0.12225696983318551
0.4,102.7,1,0,54.1,1,28,0,0,-0.06691347849360563
0.0555,43.9,1,2,291.4,1,39,0,1,0.08354587543160352
0.0526,37.8,1,0,529.8,1,41,0,1,0.05557198872068825
0.0,88.2,0,0,345.1,1,7,1,1,0.021694536276376186
0.0364,62.0,1,0,352.2,1,37,0,1,0.00841216611319584
0.0,61.7,0,0,383.1,1,32,1,0,-0.00944801238880355
1.0,91.4,1,0,425.4,1,12,0,0,-0.06987090182502731
0.0,35.6,0,1,287.7,1,47,1,1,0.03221592689264263
0.5,85.1,1,1,348.9,1,21,0,0,-0.13979303010629318
0.3,83.1,1,0,594.0,1,24,0,0,-0.11903532995782967
0.3333,74.7,1,1,49.8,1,17,0,0,-0.08651453762177186
0.5,101.7,1,1,151.7,1,29,0,0,-0.08273740581932582
0.3333,76.7,1,1,399.0,1,27,0,0,-0.1399512938217382
0.3333,79.8,1,1,401.8,1,19,0,0,-0.1523927551396118
0.6667,96.5,1,1,416.5,1,16,0,0,-0.13211107402000621
0.3333,80.6,1,1,667.2,1,24,0,0,-0.11826846468678254
0.4444,80.6,1,0,308.5,1,20,0,0,-0.13401204153721846
0.3333,96.7,1,1,104.8,1,19,0,0,-0.125633435809823
0.0,35.6,0,0,660.0,1,42,1,1,0.034895393229666616
0.3333,96.1,1,1,461.0,1,8,0,0,-0.1138774233679346
0.6667,88.4,1,1,74.0,1,10,0,0,-0.0975747087471972
0.3333,97.1,1,1,95.9,1,23,0,0,-0.12991726250399038
0.2857,106.9,1,0,381.7,1,22,0,0,-0.09028060693691914
0.5,95.1,1,1,697.2,1,9,0,0,-0.07868343756162077
0.3333,106.0,1,1,396.8,1,18,0,0,-0.12154230030429547
0.0,42.9,0,1,428.3,1,43,1,1,0.01789585973361707
0.0,85.4,0,1,155.7,1,24,1,1,0.012429830723912239
1.0,80.9,1,1,312.2,1,16,0,0,-0.06077762385026875
0.0,46.9,0,0,635.4,1,60,1,1,0.046274828877260754
0.4416,99.0,1,0,301.0,1,27,0,0,-0.1242917658709371
0.0,61.2,0,0,273.8,1,62,1,1,0.04801481284766995
0.3333,103.1,1,1,151.2,1,28,0,0,-0.11791282728299551
0.7,95.5,1,1,122.5,1,15,0,0,-0.10188108932574441
0.5,104.2,1,1,708.6,1,19,0,0,-0.073660675821002
0.4737,89.1,1,0,43.3,1,21,0,0,-0.08875781279990336
0.3333,97.2,1,1,335.6,1,20,0,0,-0.16075725500152016
0.3333,89.3,1,1,187.5,1,29,0,0,-0.13432170270363875
1.0,99.8,1,1,106.5,1,9,0,0,-0.021949411083432513
0.3333,84.8,1,1,241.3,1,27,0,0,-0.1488860287777355
0.6667,84.9,1,1,526.5,1,11,0,0,-0.13497232689537703
0.4545,89.3,1,0,321.9,1,26,0,0,-0.13075671458505006
1.0,83.4,1,0,71.8,1,12,0,0,-0.032938280615857796
0.5,97.8,1,0,143.5,1,8,0,0,-0.09554003817467416
0.3333,102.6,1,1,278.0,1,18,0,0,-0.13972817080236893
1.0,89.6,1,0,61.3,1,8,0,0,-0.020909113403544066
0.5,72.1,1,0,116.8,1,6,0,0,-0.04582773523749162
0.5,86.6,1,0,63.7,1,31,0,0,-0.057555210146088
0.3333,91.5,1,1,84.1,1,19,0,0,-0.12669562369953408
0.8,81.2,1,0,380.1,1,10,0,0,-0.09385061849465959
0.2,93.7,1,0,721.9,1,25,0,0,-0.05456447523505947
0.3333,84.5,1,1,284.5,1,23,0,0,-0.1592692046686509
0.6667,80.5,1,1,636.1,1,6,0,0,-0.08638430285021803
0.0,58.4,0,1,578.7,1,53,1,1,0.032676582755756245
0.4,80.9,1,0,546.4,1,23,0,0,-0.12113843701505389
0.75,82.2,1,1,38.4,1,10,0,0,-0.05830840421458028
0.3333,75.8,1,1,46.5,1,21,0,0,-0.09574162472830888
0.5,99.2,1,0,120.1,1,27,0,0,-0.09388343324249299
0.0,35.3,0,1,138.1,1,46,1,1,0.05245042465137473
0.6667,96.8,1,1,80.1,1,11,0,0,-0.09534975751419494
0.6667,106.9,1,1,172.3,1,5,0,0,-0.05292031230674632
0.3333,99.3,1,0,640.4,1,26,0,0,-0.1054937436649917
0.5,79.1,1,0,556.7,1,19,0,0,-0.1242013685479495
0.3333,106.1,1,1,33.6,1,31,0,0,-0.032994210730693974
0.7182,76.2,1,0,393.3,1,8,0,0,-0.09046896365676432
0.0,35.2,0,1,543.6,1,35,1,1,0.039772984651376686
0.0,57.6,0,0,434.8,1,48,1,1,0.003466423900878035
0.8,90.4,1,0,186.8,1,7,0,0,-0.07856422740153546
0.25,100.0,1,1,71.9,1,18,0,0,-0.08465819022169585
0.3333,86.3,1,1,608.1,1,21,0,0,-0.1490122233803658
0.5,106.1,1,0,692.5,1,27,0,0,-0.046350657965452124
0.6667,78.9,1,0,252.5,1,14,0,0,-0.11485927761206505
0.5,105.8,1,0,600.7,1,24,0,0,-0.08362624261736584
0.6,104.6,1,0,144.4,1,9,0,0,-0.07457940567846477
0.3333,98.1,1,1,94.6,1,27,0,0,-0.11946954039633967
0.0085,36.2,1,0,220.8,1,35,0,1,0.044954922874189895
0.5556,95.6,1,0,535.8,1,21,0,0,-0.11856871742183567
0.6667,77.9,1,1,594.9,1,12,0,0,-0.1230354687162652
0.3333,77.0,1,1,470.9,1,25,0,0,-0.1374606655943716
0.3419,101.7,1,0,530.1,1,23,0,0,-0.1185083052235687
0.8,76.7,1,1,357.5,1,11,0,0,-0.09634187818646073
0.25,78.5,1,1,199.0,1,17,0,0,-0.10355828711546983
0.6667,106.5,1,1,530.7,1,5,0,0,-0.06450858751116118
0.3333,83.3,1,0,366.0,1,26,0,0,-0.13467672607996783
1.0,97.3,1,1,96.6,1,9,0,0,-0.021129764256846317
0.0,53.2,0,0,424.0,1,61,1,1,0.04120412156256015
0.25,76.8,1,1,94.0,1,23,0,0,-0.08615950068655559
0.4,87.0,1,0,161.2,1,25,0,0,-0.1157256610671118
0.5,91.8,1,0,79.6,1,8,0,0,-0.07840227255554166
0.5,82.1,1,0,212.8,1,4,0,0,-0.0822997583925833
0.0,95.7,0,0,372.7,1,24,1,0,-0.009366412506446542
0.6667,91.4,1,1,654.6,1,11,0,0,-0.10806828176416328
0.3333,80.2,1,1,276.4,1,23,0,0,-0.15480509217596888
0.5,80.8,1,0,97.1,1,21,0,0,-0.10419271010685394
0.75,85.5,1,0,393.1,1,13,0,0,-0.11504877384297396
0.3333,104.3,1,1,553.0,1,29,0,0,-0.12005314930085259
0.3333,105.5,1,1,30.6,1,20,0,0,-0.07356480811193733
0.3333,94.2,1,1,508.3,1,24,0,0,-0.157060958633421
0.6667,101.9,1,1,249.5,1,7,0,0,-0.10519999723453222
0.6667,73.5,1,1,153.4,1,16,0,0,-0.1088308580380008
0.3333,74.6,1,1,140.3,1,28,0,0,-0.1136248221601921
0.0,57.5,0,1,373.7,1,58,1,1,0.03613022102452712
0.3333,84.7,1,1,303.3,1,16,0,0,-0.15421501990652658
0.5,92.9,1,1,185.7,1,29,0,0,-0.09710482600851111
0.4545,76.1,1,0,337.7,1,28,0,0,-0.1088024639717361
0.9231,91.5,1,0,324.7,1,6,0,0,-0.05255128856877733
1.0,82.7,1,1,374.1,1,5,0,0,-0.030893825755112903
0.4444,82.3,1,0,617.6,1,21,0,0,-0.12274340180782328
0.9315,79.4,1,1,354.9,1,6,0,0,-0.044856675052131645
0.5,77.1,1,1,629.5,1,16,0,0,-0.1159335974538308
0.6923,73.6,1,0,175.8,1,7,0,0,-0.07256920928246202
0.25,85.8,1,1,373.9,1,30,0,0,-0.11351721815911048
0.6667,81.2,1,1,417.0,1,7,0,0,-0.1152721526723472
0.0,38.7,0,0,659.0,1,46,1,1,0.03591460760651621
0.5,82.6,1,0,154.2,1,22,0,0,-0.11626240775857644
0.3333,81.0,1,0,221.0,1,20,0,0,-0.1331460428205073
0.3333,107.4,1,1,379.6,1,29,0,0,-0.10315681695211099
0.4615,90.7,1,0,689.0,1,21,0,0,-0.09880861588934503
0.25,92.9,1,1,101.4,1,25,0,0,-0.09470548839163528
0.6667,77.0,1,1,117.5,1,7,0,0,-0.08927857067272249
0.6667,107.1,1,1,625.3,1,7,0,0,-0.06759276868928354
0.3333,105.8,1,1,623.5,1,20,0,0,-0.10889844438938595
0.0,42.2,0,1,439.5,1,33,1,1,0.018617832875833074
0.5,94.2,1,0,411.4,1,30,0,0,-0.10611302907238451
0.8571,96.0,1,1,602.7,1,14,0,0,-0.07433182410968747
0.3333,74.4,1,1,479.3,1,28,0,0,-0.12618432902938376
0.0,28.7,0,0,218.3,1,53,1,1,0.049071920657106416
0.3333,89.5,1,1,308.4,1,28,0,0,-0.15329583212065284
0.6667,102.7,1,1,169.6,1,5,0,0,-0.07273868849176746
0.3333,103.1,1,1,700.5,1,28,0,0,-0.08867203835354465
0.3333,103.7,1,1,122.3,1,18,0,0,-0.1148718530046165
0.5,72.1,1,0,682.6,1,11,0,0,-0.06524886185405254
0.2143,94.8,1,0,696.1,1,26,0,0,-0.07164904529488259
0.3333,85.4,1,1,327.8,1,21,0,0,-0.16166900980694848
0.6667,75.7,1,0,138.1,1,6,0,0,-0.06355013906962603
0.6667,75.2,1,1,205.7,1,15,0,0,-0.12600671251756512
0.3333,101.5,1,1,114.4,1,19,0,0,-0.11960014674292119
1.0,96.9,1,1,571.8,1,14,0,0,-0.05263034856374327
0.3333,103.0,1,1,150.8,1,26,0,0,-0.12374846924440791
0.3333,98.4,1,1,190.9,1,23,0,0,-0.14724833696689144
1.0,79.1,1,1,386.2,1,4,0,0,-0.020887713877227765
0.6667,82.3,1,1,60.6,1,10,0,0,-0.09336401532679095
0.25,89.2,1,0,241.3,1,25,0,0,-0.11483020876213978
0.3333,95.2,1,1,592.1,1,29,0,0,-0.13428104096486754
0.6667,77.3,1,1,355.6,1,6,0,0,-0.10470217535601811
0.6667,102.2,1,1,536.5,1,13,0,0,-0.12103583588479022
0.0,86.7,0,0,380.2,1,25,1,0,-0.017717451958192743
0.1667,80.3,1,0,489.8,1,24,0,0,-0.09611763998962974
0.0,40.0,0,1,132.5,1,55,1,1,0.05442340112021238
0.3333,83.8,1,1,67.8,1,24,0,0,-0.1192810621072693
0.5,81.8,1,0,184.7,1,21,0,0,-0.12320841154676831
0.0526,29.0,1,1,561.6,1,33,0,1,0.04813789113263145
0.3333,82.0,1,1,410.0,1,23,0,0,-0.1563101963383045
0.0,87.6,0,1,268.0,1,21,1,1,0.003922739799289587
0.6667,90.6,1,1,652.1,1,10,0,0,-0.10975707016868314
0.0,39.9,0,0,123.1,1,47,1,1,0.021031288928954894
0.3333,105.5,1,1,677.3,1,31,0,0,-0.06503434028695354
1.0,96.2,1,1,657.1,1,6,0,0,-0.01920010711603204
0.25,73.2,1,1,308.8,1,31,0,0,-0.07868399781684599
0.4,84.3,1,0,528.9,1,23,0,0,-0.12836924419885892
0.4,92.0,1,0,128.3,1,30,0,0,-0.08084637562174979
0.3333,87.2,1,1,145.0,1,22,0,0,-0.14835558586803782
0.2,93.6,1,0,481.6,1,29,0,0,-0.0939641119885763
0.3,86.3,1,0,314.7,1,21,0,0,-0.13374253073020625
0.5,83.7,1,0,504.9,1,7,0,0,-0.10871937144708338
0.3846,107.5,1,0,356.3,1,20,0,0,-0.0976872466352004
0.3636,78.7,1,0,203.8,1,26,0,0,-0.11416833482919309
0.3333,104.8,1,1,184.9,1,20,0,0,-0.12829719388789063
0.0,84.7,0,0,388.1,1,29,1,0,-0.015705049916034275
0.6667,106.6,1,1,605.0,1,14,0,0,-0.09065686767305897
0.8,74.2,1,0,559.1,1,7,0,0,-0.05222762815295656
1.0,75.2,1,0,483.2,1,5,0,0,-0.022774707329802246
0.75,94.9,1,0,413.8,1,12,0,0,-0.11183109691692444
0.3333,86.8,1,1,139.1,1,26,0,0,-0.13751645814625119
0.3333,77.2,1,1,160.4,1,4,0,0,-0.0632031327719027
0.5,103.3,1,0,252.6,1,27,0,0,-0.10817183506663869
0.5,72.7,1,0,503.8,1,26,0,0,-0.09514048356409749
0.8,105.4,1,0,463.6,1,16,0,0,-0.05536765854340864
0.875,75.5,1,1,529.1,1,16,0,0,-0.07424117288958132
0.6333,106.3,1,0,308.1,1,11,0,0,-0.08565114437785765
0.3333,97.0,1,1,314.2,1,26,0,0,-0.15491402776397767
0.5,79.7,1,0,35.7,1,7,0,0,-0.05457976544566301
0.0,104.3,0,1,571.6,1,28,1,1,0.027465014603733184
0.25,106.4,1,1,194.9,1,30,0,0,-0.06484001635479819
0.6667,89.0,1,0,619.0,1,15,0,0,-0.0994361812866803
0.8,92.6,1,0,658.8,1,13,0,0,-0.06525716872411047
0.6667,105.7,1,1,245.6,1,9,0,0,-0.09701565860525918
0.3333,88.6,1,1,659.4,1,25,0,0,-0.12804710980046574
0.0,31.0,0,1,494.4,1,34,1,1,0.04688479868770845
0.3333,86.0,1,1,321.7,1,21,0,0,-0.1634584069132799
0.3,75.8,1,0,707.9,1,27,0,0,-0.06525388568283219
0.3333,96.6,1,1,130.7,1,20,0,0,-0.13858005889558755
0.0,53.3,0,0,594.1,1,54,1,1,0.022408243679161943
0.0,50.4,0,0,494.8,1,48,1,1,0.000912608871448839
0.3333,96.8,1,1,165.1,1,24,0,0,-0.14175437358133058
0.3333,103.6,1,1,626.1,1,22,0,0,-0.12333918122022564
0.3333,94.1,1,1,256.8,1,27,0,0,-0.14811851649722868
0.3333,95.4,1,1,653.0,1,20,0,0,-0.1345740813063337
0.4521,77.3,1,1,190.1,1,30,0,0,-0.08821812330991785
0.3333,72.2,1,1,459.1,1,20,0,0,-0.12870260065586236
0.6667,88.2,1,1,230.3,1,10,0,0,-0.1341765366024949
0.0,50.2,0,0,158.3,1,44,1,1,0.010045314397475025
0.3333,83.8,1,1,692.5,1,22,0,0,-0.11805281810594548
0.3333,82.0,1,1,561.5,1,28,0,0,-0.1373190227178543
0.3333,99.4,1,1,548.3,1,21,0,0,-0.14796511182547417
0.0,39.8,0,1,465.9,1,36,1,1,0.024811909644127494
0.3333,103.9,1,0,65.5,1,28,0,0,-0.06948039197050371
0.8333,89.4,1,0,141.3,1,16,0,0,-0.07467948489711246
0.0,84.1,0,0,723.0,1,23,1,1,0.015726330350576356
0.5,102.0,1,1,172.1,1,5,0,0,-0.06820782563682937
0.0,37.4,0,1,319.6,1,31,1,1,0.03268677383349938
0.9231,80.7,1,0,418.9,1,10,0,0,-0.07304312738747853
0.5,101.9,1,0,666.4,1,30,0,0,-0.06967468575461899
0.3333,75.9,1,1,683.6,1,18,0,0,-0.10823393967448258
0.5,77.0,1,0,267.6,1,17,0,0,-0.12870942236172733
0.2906,96.3,1,0,678.6,1,18,0,0,-0.0949016114839289
0.6,92.4,1,0,565.9,1,12,0,0,-0.10756758729518101
0.5,89.7,1,0,133.3,1,4,0,0,-0.06340333951103028
0.6667,107.8,1,1,688.7,1,6,0,0,-0.038645975388810205
1.0,105.3,1,0,300.6,1,6,0,0,-0.014630343899870057
0.0,52.7,0,0,192.7,1,41,1,1,0.0033416075768675224
0.0,87.6,0,0,598.3,1,21,1,0,-0.011781838867002348
0.3333,93.8,1,1,712.5,1,21,0,0,-0.10863439230496513
0.2,75.1,1,0,367.1,1,28,0,0,-0.08626453600465567
0.0,76.0,0,0,434.7,1,22,1,0,-0.025483176266841934
0.3333,94.7,1,1,132.6,1,31,0,0,-0.10031407016330585
0.6667,74.6,1,1,502.1,1,11,0,0,-0.11694892971690185
0.5,75.1,1,0,574.9,1,24,0,0,-0.10539146305499947
1.0,96.8,1,0,640.2,1,4,0,0,-0.009505916281045801
1.0,101.1,1,0,297.4,1,6,0,0,-0.030975460520022535
0.8947,99.4,1,0,280.6,1,13,0,0,-0.07619463856324232
0.3636,96.4,1,0,468.6,1,23,0,0,-0.13290980975318262
0.8,92.4,1,0,435.9,1,9,0,0,-0.09730788662693307
0.6667,81.6,1,1,483.3,1,14,0,0,-0.13295556209063142
0.6667,96.4,1,1,105.6,1,11,0,0,-0.10248343076052258
0.6667,89.6,1,1,613.7,1,5,0,0,-0.08779140990493695
0.0,72.2,0,0,272.7,1,12,1,1,0.0079611402509423
0.25,88.5,1,1,313.7,1,24,0,0,-0.13140809222873645
0.3333,107.9,1,1,713.0,1,19,0,0,-0.05840065572375208
0.0284,37.6,1,2,317.1,1,43,0,1,0.09797597967531946
0.9298,102.1,1,1,213.6,1,8,0,0,-0.04101492697471232
0.6667,101.2,1,1,113.1,1,15,0,0,-0.1039098731570246
0.2,72.9,1,0,273.6,1,30,0,0,-0.06594456946988758
0.6667,85.1,1,0,215.5,1,8,0,0,-0.10878404411017079
0.0,31.6,0,0,656.6,1,56,1,1,0.07349906297352249
0.3333,88.2,1,0,293.4,1,20,0,0,-0.1422412365803732
0.5,75.6,1,1,433.4,1,16,0,0,-0.12976403206222292
0.6667,88.9,1,1,81.2,1,13,0,0,-0.10311772352434967
0.3333,80.0,1,1,602.8,1,28,0,0,-0.12990312372225643
0.2,81.7,1,1,175.0,1,27,0,0,-0.08292542834779176
0.2857,87.9,1,1,651.2,1,30,0,0,-0.10490461553727215
0.5,95.5,1,0,677.5,1,4,0,0,-0.06169690515198534
0.5,96.2,1,0,157.4,1,30,0,0,-0.08224543977208293
0.6667,98.6,1,1,76.8,1,10,0,0,-0.09450759764210998
0.0,48.8,0,0,559.1,1,42,1,1,0.0003536974318402164
0.6667,96.6,1,0,493.4,1,8,0,0,-0.10792909967901487
0.5,107.8,1,1,704.0,1,7,0,0,-0.02653888865192977
0.2,72.2,1,1,235.3,1,18,0,0,-0.07615214957863076
0.5,78.4,1,0,490.9,1,24,0,0,-0.12176942790067219
1.0,97.9,1,1,513.4,1,6,0,0,-0.029469391973165893
0.8,87.3,1,1,665.9,1,10,0,0,-0.07392170223020406
0.6667,105.2,1,1,579.8,1,6,0,0,-0.075203995513135
0.3846,86.6,1,0,83.1,1,22,0,0,-0.0994960385137737
0.6667,99.0,1,1,321.3,1,14,0,0,-0.13234299730659366
0.3,74.9,1,1,281.7,1,29,0,0,-0.1123411863153626
0.6667,94.9,1,1,389.3,1,7,0,0,-0.1210545660237875
0.3333,86.3,1,1,56.2,1,28,0,0,-0.10940544505436839
1.0,84.8,1,0,410.4,1,14,0,0,-0.06584026200500814
0.3333,105.5,1,1,315.9,1,28,0,0,-0.12264791648071344
0.5,72.6,1,0,562.2,1,7,0,0,-0.07279717611696368
0.5,80.6,1,0,257.4,1,10,0,0,-0.12297635086383724
0.5,79.6,1,0,560.9,1,22,0,0,-0.11942445338048358
0.3333,75.7,1,1,472.9,1,26,0,0,-0.13370325135488176
0.0,86.4,0,1,469.7,1,30,1,1,0.005441239511646545
1.0,95.0,1,0,417.2,1,12,0,0,-0.06743077012748178
0.5,79.4,1,0,394.0,1,11,0,0,-0.12581029003670613
0.3333,77.0,1,1,550.2,1,25,0,0,-0.13563321799099426
0.3333,106.2,1,1,588.1,1,17,0,0,-0.10512172962917832
0.3333,88.2,1,1,307.4,1,28,0,0,-0.15491663427940966
0.3,80.4,1,0,499.5,1,30,0,0,-0.10023543092824116
0.5,72.5,1,0,157.0,1,5,0,0,-0.048462658245031376
0.0,98.5,0,0,615.8,1,27,1,1,0.004157341908214929
0.4,102.9,1,0,330.4,1,22,0,0,-0.12123994370743019
0.0,60.6,0,0,515.2,1,58,1,1,0.03816194382963567
0.3485,86.4,1,2,509.2,1,29,0,0,-0.0825886004570216
0.6667,91.5,1,0,615.2,1,16,0,0,-0.0966244923972513
0.3333,74.8,1,0,340.4,1,26,0,0,-0.11690078409728677
1.0,98.2,1,0,81.4,1,8,0,0,-0.018974994495685515
0.6667,89.6,1,1,632.9,1,7,0,0,-0.09909014937168897
0.0,32.3,0,1,146.2,1,57,1,1,0.07158111776079445
0.0,97.9,0,1,244.7,1,8,1,1,0.03873984995704349
0.3333,87.3,1,1,490.9,1,19,0,0,-0.15843484423275822
0.3333,100.1,1,1,575.7,1,29,0,0,-0.12965664951928024
0.0,53.9,0,0,166.4,1,47,1,1,0.011776978214973921
0.6667,97.1,1,1,409.7,1,8,0,0,-0.1243845054143975
1.0,91.9,1,1,108.8,1,12,0,0,-0.040551200884049954
0.2,87.5,1,0,288.4,1,31,0,0,-0.08473329286970616
0.3333,102.6,1,1,555.0,1,24,0,0,-0.13579000198635022
0.0,30.8,0,1,294.9,1,41,1,1,0.04326116707939032
0.6667,97.7,1,1,173.8,1,14,0,0,-0.11918855305445869
0.3333,72.3,1,1,69.1,1,29,0,0,-0.07286346426230939
0.3333,101.7,1,1,260.4,1,23,0,0,-0.14360667505437313
0.3333,91.9,1,1,151.8,1,20,0,0,-0.1475465325769021
0.2,89.8,1,0,81.5,1,24,0,0,-0.0707265708485123
0.3333,94.9,1,1,240.2,1,20,0,0,-0.15766661035686363
1.0,75.9,1,1,261.2,1,11,0,0,-0.05477413203441728
0.3333,96.7,1,1,641.9,1,17,0,0,-0.1332561213691033
0.3333,98.7,1,1,163.0,1,19,0,0,-0.13740426243030696
0.3333,85.2,1,1,571.3,1,29,0,0,-0.13819185527370437
1.0,72.1,1,0,479.2,1,7,0,0,-0.021588713926224967
0.0,51.9,0,0,251.8,1,59,1,1,0.030258282332067177
1.0,77.8,1,1,141.2,1,8,0,0,-0.030860736171215652
0.0,48.5,0,1,171.6,1,48,1,1,0.02980173440507805
1.0,89.7,1,0,676.2,1,6,0,0,-0.01486744173320631
0.3333,100.4,1,1,701.3,1,16,0,0,-0.09571463561572602
1.0,80.1,1,0,405.1,1,6,0,0,-0.04448390459424989
0.75,104.8,1,0,110.2,1,14,0,0,-0.06012212169466702
0.3333,73.4,1,1,216.5,1,22,0,0,-0.13122963432780899
0.3636,92.5,1,0,569.6,1,25,0,0,-0.11974806954921535
0.3,103.6,1,1,414.8,1,22,0,0,-0.13041777015161904
0.3333,96.1,1,1,395.1,1,27,0,0,-0.14947777006500823
0.6667,73.1,1,1,378.1,1,14,0,0,-0.11750064258507603
0.5,104.3,1,0,181.3,1,29,0,0,-0.08170136427575386
0.3333,102.3,1,1,84.5,1,24,0,0,-0.11232118909416927
0.375,80.2,1,0,436.1,1,29,0,0,-0.11039450586735627
0.0,38.9,0,0,262.1,1,61,1,1,0.04341170621012991
0.6667,105.3,1,1,78.9,1,6,0,0,-0.04458510803026261
0.0,36.9,0,1,367.3,1,43,1,1,0.029557033572933378
0.6667,95.9,1,1,244.5,1,15,0,0,-0.13387720465441777
0.3333,106.5,1,1,627.0,1,27,0,0,-0.09556460739579103
0.3333,103.3,1,1,355.0,1,25,0,0,-0.13909820559651875
0.3333,84.5,1,0,536.3,1,17,0,0,-0.12761915860323586
0.0,92.1,0,0,686.1,1,23,1,1,0.011803891054240512
0.0,56.5,0,0,617.9,1,41,1,1,0.00685114442585355
0.3333,79.1,1,1,165.5,1,17,0,0,-0.13261294749539904
0.3333,74.7,1,1,281.6,1,19,0,0,-0.14002439645738163
0.1667,97.5,1,0,43.9,1,31,0,0,-0.022765439595616832
0.25,106.0,1,1,395.6,1,21,0,0,-0.10223529833067635
0.3333,90.1,1,1,448.5,1,16,0,0,-0.15333075586040884
0.3333,76.1,1,1,93.0,1,25,0,0,-0.11240958780434246
0.9,88.2,1,1,257.6,1,8,0,0,-0.07384981765302717
0.5,98.6,1,0,217.2,1,5,0,0,-0.09043244550689022
0.6923,76.5,1,0,204.0,1,11,0,0,-0.1072534232252198
0.3333,79.6,1,0,353.6,1,20,0,0,-0.13243465004720423
0.0,36.0,0,1,630.7,1,39,1,1,0.04737333245445985
0.3103,78.0,1,0,138.4,1,20,0,0,-0.10371777414615196
0.6667,98.3,1,0,619.1,1,4,0,0,-0.0658468924931439
0.6667,86.6,1,0,411.6,1,5,0,0,-0.10246316662303678
0.3333,94.2,1,1,630.6,1,23,0,0,-0.13984569974654398
0.0351,28.3,1,1,433.0,1,45,0,1,0.07677941550542144
0.8182,74.8,1,0,427.2,1,11,0,0,-0.08255582458668431
0.4286,83.5,1,0,82.0,1,21,0,0,-0.09885343263821506
0.0,84.7,0,0,608.5,1,7,1,1,0.024800261280296
0.5,97.3,1,0,605.1,1,7,0,0,-0.10162897765422485
0.0,39.1,0,0,565.9,1,59,1,1,0.050748094912327235
0.0,95.4,0,0,422.3,1,24,1,0,-0.01384393032867226
0.3,103.7,1,0,657.1,1,31,0,0,-0.0622464141098753
0.3333,101.5,1,1,105.8,1,24,0,0,-0.11889488318403185
0.3333,94.8,1,1,673.2,1,18,0,0,-0.12332046634644661
0.6667,86.2,1,1,182.7,1,15,0,0,-0.13708867726948898
0.2,94.1,1,0,404.4,1,18,0,0,-0.1093456785849462
0.3333,73.9,1,1,559.2,1,22,0,0,-0.13059416100116333
0.0,32.0,0,1,138.6,1,56,1,1,0.07048208906936626
0.6667,98.5,1,1,620.1,1,4,0,0,-0.07253891752593011
0.3333,78.7,1,1,289.9,1,19,0,0,-0.15114375374337646
0.3333,104.0,1,1,318.0,1,22,0,0,-0.13949289096499912
0.6667,75.1,1,1,552.5,1,13,0,0,-0.12024049227804257
0.3,102.8,1,0,414.0,1,30,0,0,-0.09736898565224805
0.0427,48.7,1,0,700.5,1,37,0,1,0.04460185349461254
0.0,30.6,0,1,316.1,1,34,1,1,0.045544650756484506
0.6667,104.7,1,0,301.3,1,5,0,0,-0.07050396298567707
0.04,56.3,1,0,34.6,1,31,0,1,0.03833704416237871
0.3333,76.3,1,1,57.6,1,17,0,0,-0.09817022007623943
0.2222,82.4,1,0,588.7,1,29,0,0,-0.08864869682760512
0.2,87.3,1,0,97.8,1,28,0,0,-0.06393038677937035
0.0,53.7,0,0,239.7,1,57,1,1,0.026031809120942606
0.5,94.6,1,0,725.8,1,22,0,0,-0.07616107658253235
0.3333,105.9,1,1,372.0,1,17,0,0,-0.12178780786264848
0.0411,49.9,1,1,211.5,1,47,0,1,0.05766713972722415
0.0,74.4,0,0,603.7,1,28,1,0,-0.009807343865700702
0.6667,74.3,1,1,64.4,1,16,0,0,-0.08087994614092153
0.0,100.8,0,0,635.1,1,18,1,1,0.01381674283097567
0.5,107.0,1,0,507.8,1,13,0,0,-0.09102218885607666
0.3333,98.4,1,1,292.8,1,22,0,0,-0.15777428088415013
0.0,91.7,0,0,706.7,1,20,1,1,0.02129562249573269
0.5,99.1,1,1,474.6,1,19,0,0,-0.13241804319176148
1.0,85.5,1,1,421.6,1,13,0,0,-0.06624504197467718
0.5,84.1,1,0,464.6,1,13,0,0,-0.13274707633733412
0.3333,82.4,1,1,647.3,1,22,0,0,-0.13401413923394673
0.3846,106.6,1,0,595.3,1,30,0,0,-0.05955520852968277
0.5,102.3,1,0,269.9,1,5,0,0,-0.08372739857572437
1.0,73.9,1,0,443.4,1,4,0,0,-0.008243931075034183
0.2,75.1,1,0,578.3,1,16,0,0,-0.08668360232303207
0.3182,98.9,1,0,252.2,1,26,0,0,-0.12555070419452574
0.8333,80.7,1,0,480.0,1,7,0,0,-0.06527097927794923
0.0769,49.4,1,0,688.6,1,37,0,1,0.038146142977658726
0.3333,97.4,1,0,301.7,1,21,0,0,-0.13751371611215057
1.0,80.0,1,1,319.6,1,12,0,0,-0.06058204974459702
0.3333,75.2,1,1,523.7,1,5,0,0,-0.07628805143783829
0.5,76.6,1,0,243.4,1,19,0,0,-0.12797192466028928
0.3333,77.6,1,1,692.8,1,29,0,0,-0.0934529651452235
0.3333,102.3,1,1,595.4,1,26,0,0,-0.1315902994582664
0.5,80.8,1,0,655.0,1,12,0,0,-0.10443536907949941
0.75,101.8,1,0,726.6,1,11,0,0,-0.03539290613935364
0.2143,78.2,1,0,605.5,1,21,0,0,-0.09591437215977605
0.5195,86.3,1,0,37.0,1,25,0,0,-0.07108659604371748
0.0,81.7,0,1,719.9,1,18,1,1,0.04293665979049477
0.1818,100.4,1,0,681.0,1,21,0,0,-0.06845146453426454
1.0,72.4,1,1,525.4,1,9,0,0,-0.03284410950747363
0.0364,43.9,1,0,38.3,1,53,0,1,0.08850728898262783
0.75,81.6,1,0,190.8,1,10,0,0,-0.09957910110073348
0.6667,89.3,1,0,449.2,1,8,0,0,-0.11217114832282238
0.0,54.7,0,0,240.2,1,34,1,0,-0.007300467550877876
0.8,98.9,1,0,504.3,1,16,0,0,-0.08200211296526799
0.3333,92.8,1,1,714.7,1,19,0,0,-0.10790988092123538
0.4694,72.4,1,2,383.0,1,18,0,0,-0.05830906692389093
0.4,93.2,1,0,85.4,1,22,0,0,-0.0961832584250672
0.3333,83.0,1,0,446.2,1,23,0,0,-0.13339712464313103
0.375,84.5,1,0,528.1,1,17,0,0,-0.12781546915825032
0.375,76.5,1,0,438.6,1,26,0,0,-0.11801074744377343
0.5,85.5,1,0,294.3,1,22,0,0,-0.13605783279989248
0.5385,93.9,1,0,652.3,1,29,0,0,-0.07617452359288196
0.6667,81.5,1,1,306.9,1,5,0,0,-0.09941965139459569
1.0,97.6,1,1,358.2,1,9,0,0,-0.05185707273997808
1.0,80.0,1,0,167.0,1,12,0,0,-0.047611106119642255
0.5,82.4,1,0,261.8,1,21,0,0,-0.13277767798076667
0.0,95.5,0,0,66.5,1,7,1,1,0.06378198293506399
0.5,99.9,1,0,30.9,1,25,0,0,-0.07297995388547773
0.3333,100.9,1,1,321.5,1,24,0,0,-0.1496992872943662
0.3333,72.2,1,1,67.5,1,18,0,0,-0.08742648026132427
0.9091,103.0,1,0,616.4,1,6,0,0,-0.022192940624242485
0.0,35.3,0,0,726.0,1,42,1,1,0.04974684280944908
0.4444,98.4,1,0,491.4,1,22,0,0,-0.12875847430643894
0.5,97.6,1,0,556.9,1,15,0,0,-0.12895704778486183
0.3333,72.7,1,1,471.3,1,21,0,0,-0.12573553492632922
0.3333,94.3,1,1,488.5,1,18,0,0,-0.1577506724174229
0.0,97.3,0,1,427.6,1,17,1,1,0.012128072805616896
0.5,95.2,1,1,156.0,1,18,0,0,-0.12242508310004169
0.3333,86.3,1,1,52.2,1,19,0,0,-0.11363753703873775
1.0,92.5,1,0,193.2,1,12,0,0,-0.06192143126457994
0.5,74.2,1,0,427.5,1,12,0,0,-0.11229961760756663
0.6667,96.9,1,1,75.7,1,11,0,0,-0.09375680402030484
0.6667,74.8,1,1,469.8,1,11,0,0,-0.1169705871518843
0.7,88.8,1,0,395.7,1,5,0,0,-0.09199917177693973
0.0,50.6,0,1,685.0,1,43,1,1,0.039367214658443284
0.5,95.0,1,0,225.8,1,5,0,0,-0.08961739456016288
0.0,46.3,0,1,604.5,1,49,1,1,0.02688497667081602
0.3333,94.6,1,1,75.0,1,28,0,0,-0.11088692434138364
0.3333,88.9,1,1,133.8,1,27,0,0,-0.1318126991087748
0.0,99.3,0,0,705.3,1,26,1,1,0.03325588371564847
0.6667,74.2,1,1,434.7,1,9,0,0,-0.11012508102434132
0.6667,87.1,1,1,284.7,1,13,0,0,-0.13947468693494236
0.2,87.4,1,0,612.7,1,20,0,0,-0.10239683089680535
0.5,99.1,1,0,185.6,1,19,0,0,-0.12976488065942926
1.0,106.3,1,0,292.0,1,4,0,1,0.009967320762417686
1.0,95.6,1,0,406.7,1,13,0,0,-0.06745720582580683
0.0,73.3,0,1,252.7,1,18,1,1,0.01674876959150895
0.2468,88.3,1,0,428.9,1,26,0,0,-0.1189572277635711
0.0,76.7,0,0,613.0,1,18,1,0,-0.0089843446113832
1.0,86.0,1,0,550.9,1,7,0,0,-0.042609637578717274
0.0,99.9,0,0,122.4,1,23,1,1,0.01633340243818049
0.3333,75.4,1,1,473.9,1,5,0,0,-0.07615014892696392
0.0,29.4,0,0,611.5,1,43,1,1,0.04984448686353804
0.0,93.8,0,0,594.5,1,17,1,1,0.0038202590889805377
0.3333,88.7,1,1,572.0,1,26,0,0,-0.14805937364063582
0.3333,86.5,1,1,56.1,1,22,0,0,-0.12344547144255547
0.6667,79.5,1,1,523.4,1,13,0,0,-0.1309840983537901
0.3333,96.3,1,1,80.9,1,25,0,0,-0.11947305733083957
0.4737,96.9,1,1,379.8,1,24,0,0,-0.13042320939534774
0.8,94.9,1,0,194.2,1,9,0,0,-0.08795519564820942
0.039,36.6,1,0,658.5,1,57,0,1,0.09374361513238061
0.625,79.6,1,0,620.4,1,12,0,0,-0.09922145491631801
0.375,88.7,1,0,591.3,1,24,0,0,-0.11958091063710274
0.3684,83.8,1,0,327.2,1,22,0,0,-0.13722175122351504
0.5,95.6,1,0,42.6,1,11,0,0,-0.0732513914927897
0.3333,78.1,1,1,115.0,1,19,0,0,-0.1230722739771749
0.375,74.5,1,0,619.1,1,19,0,0,-0.11219375047603514
0.2222,104.5,1,0,104.0,1,21,0,0,-0.07322848841208218
0.3333,105.0,1,0,657.6,1,25,0,0,-0.07645467557024344
0.0,80.0,0,0,729.2,1,25,1,1,0.018842149584355372
0.2807,87.3,1,1,87.5,1,21,0,0,-0.11316785556531028
0.5,93.4,1,0,668.0,1,4,0,0,-0.0655526510627038
0.0,80.5,0,1,405.0,1,26,1,0,-0.007000136086911857
0.3333,105.3,1,1,567.9,1,21,0,0,-0.11872661853623273
0.3333,73.0,1,1,220.2,1,24,0,0,-0.12393905980582376
0.5,98.0,1,0,698.8,1,23,0,0,-0.08679253012971933
0.4,81.0,1,0,555.0,1,23,0,0,-0.12100860573296035
0.6667,84.0,1,1,523.1,1,10,0,0,-0.129228087039312
0.3333,84.5,1,1,603.6,1,22,0,0,-0.14663591784924818
0.6667,87.7,1,1,94.9,1,15,0,0,-0.11646128177509496
0.6667,101.2,1,1,317.9,1,5,0,0,-0.0909141422850025
0.5,73.4,1,0,227.0,1,30,0,0,-0.07755341382655007
0.0727,28.6,1,0,654.5,1,57,0,1,0.10730031722602407
0.6667,72.1,1,0,678.6,1,5,0,0,-0.034633624152337616
0.3333,85.4,1,1,419.9,1,24,0,0,-0.15872113158102458
0.0,73.5,0,0,502.5,1,27,1,0,-0.010750068397579748
0.0182,60.3,1,0,159.3,1,52,0,1,0.05754994196276464
0.3333,90.0,1,1,414.0,1,16,0,0,-0.1564562653157342
0.5,83.2,1,0,557.2,1,20,0,0,-0.12803592814828335
0.3333,104.5,1,0,532.5,1,29,0,0,-0.0991532322521328
0.5,73.7,1,0,207.1,1,18,0,0,-0.11631970101838662
0.3333,73.4,1,1,326.8,1,27,0,0,-0.13158677137853164
0.3333,99.4,1,1,300.9,1,31,0,0,-0.12010770334252047
0.3333,89.9,1,0,388.9,1,22,0,0,-0.13538647910310164
0.3636,101.8,1,0,95.2,1,30,0,0,-0.07025194840990134
0.3333,77.9,1,1,39.8,1,17,0,0,-0.09109399145196523
0.6667,82.5,1,1,435.9,1,14,0,0,-0.13726556746496865
0.6667,95.5,1,1,589.8,1,8,0,0,-0.11504348690331234
0.3333,86.2,1,1,278.5,1,27,0,0,-0.15314616246395601
0.3333,104.4,1,1,519.2,1,18,0,0,-0.12900186765100718
0.3333,103.4,1,0,698.2,1,20,0,0,-0.07502663317397867
0.4286,98.5,1,0,30.4,1,24,0,0,-0.07405878867233345
0.6667,94.2,1,1,396.0,1,6,0,0,-0.1142622444278682
0.6667,96.4,1,1,709.4,1,7,0,0,-0.0681507760108605
0.0,48.9,0,0,250.2,1,60,1,1,0.032009786991924916
0.3571,105.2,1,0,680.8,1,16,0,0,-0.06509961164959277
0.3333,82.1,1,0,697.2,1,21,0,0,-0.09694968471144394
0.6667,99.0,1,0,368.2,1,9,0,0,-0.11141551572203795
0.4,99.9,1,0,44.1,1,30,0,0,-0.05580568818920684
0.3333,101.7,1,1,157.4,1,26,0,0,-0.12492109982684185
0.6667,98.6,1,1,58.9,1,15,0,0,-0.09587579958229464
0.6667,88.2,1,1,372.8,1,16,0,0,-0.1388771727368861
0.6,95.1,1,1,688.7,1,15,0,0,-0.09857210474253125
0.75,74.7,1,0,186.6,1,11,0,0,-0.09228027168143815
0.0,47.6,0,1,679.1,1,60,1,1,0.06342570054257635
0.3333,89.6,1,1,215.9,1,24,0,0,-0.15503386903213423
0.6667,92.1,1,1,514.6,1,6,0,0,-0.1061542975944963
0.3333,90.8,1,1,480.4,1,31,0,0,-0.12290216871417181
0.8333,75.7,1,0,171.1,1,5,0,0,-0.03906023648875023
0.7,105.8,1,0,110.0,1,10,0,0,-0.055556430808875845
0.0,102.6,0,0,702.4,1,9,1,1,0.0656255449745562
0.5,75.3,1,0,240.3,1,8,0,0,-0.09903728187437055
0.5,78.7,1,0,468.0,1,9,0,0,-0.11477182672438258
0.0,74.7,0,1,45.1,1,28,1,1,0.03890925181634686
0.3333,104.2,1,1,357.1,1,20,0,0,-0.13957278841775694
0.25,82.1,1,1,353.5,1,20,0,0,-0.12413949656859707
1.0,83.6,1,0,134.2,1,12,0,0,-0.04602349023001684
0.875,98.9,1,0,369.2,1,14,0,0,-0.07686298984146467
0.3333,75.1,1,1,117.2,1,23,0,0,-0.11881264170200806
1.0,95.2,1,0,78.8,1,12,0,0,-0.034035185446139926
0.6667,83.7,1,1,654.3,1,13,0,0,-0.10910881657312127
0.3333,102.8,1,0,187.5,1,21,0,0,-0.12112776178581924
1.0,72.9,1,1,164.8,1,9,0,0,-0.025620646993392726
0.0,99.3,0,1,183.6,1,27,1,1,0.022126818365300283
0.6667,85.7,1,1,231.1,1,11,0,0,-0.13704523094076104
0.8,75.8,1,0,489.9,1,11,0,0,-0.08268251325389969
1.0,99.8,1,1,44.2,1,7,0,1,0.0047892719924302884
0.25,79.1,1,0,181.5,1,26,0,0,-0.095467973444262
0.6667,107.6,1,1,286.6,1,13,0,0,-0.09047756301440213
0.3333,91.8,1,1,51.5,1,30,0,0,-0.0875770528644293
0.6667,99.3,1,1,172.6,1,16,0,0,-0.1177262542344199
0.0,50.1,0,0,587.2,1,53,1,1,0.01745369807894248
0.4,77.1,1,0,52.4,1,30,0,0,-0.05008445164357345
0.25,74.6,1,0,447.6,1,28,0,0,-0.09447918237338632
0.6667,106.8,1,1,483.3,1,16,0,0,-0.0926794902209252
0.0,45.2,0,0,265.9,1,56,1,1,0.017027966565896224
0.0,36.7,0,0,184.1,1,50,1,1,0.02141658110215361
0.3333,102.2,1,1,402.9,1,17,0,0,-0.14053710755698545
0.6667,92.3,1,1,499.2,1,10,0,0,-0.13337415243069806
0.5,86.8,1,0,508.3,1,20,0,0,-0.1312064283617665
1.0,91.0,1,0,304.5,1,11,0,0,-0.06972331608075621
0.0,29.8,0,0,653.8,1,47,1,1,0.05739334608801805
0.0,34.7,0,0,129.1,1,47,1,1,0.03193205981859326
0.0,89.4,0,0,645.9,1,27,1,1,0.006165526316479486
0.5,80.9,1,0,93.6,1,19,0,0,-0.1075396074449479
0.2308,95.4,1,0,232.5,1,25,0,0,-0.09936903844619943
0.3333,87.8,1,0,507.9,1,20,0,0,-0.1326951280449054
0.5,74.3,1,0,549.9,1,29,0,0,-0.08147428202703505
0.6667,98.8,1,0,609.5,1,15,0,0,-0.09684060908321634
0.3333,103.2,1,1,689.6,1,21,0,0,-0.10580559707546727
0.6667,78.0,1,1,265.7,1,10,0,0,-0.12802884792936758
0.0,80.9,0,0,576.6,1,19,1,0,-0.017213890948445165
0.2857,74.0,1,0,508.1,1,25,0,0,-0.10533641054208132
0.3333,76.6,1,1,479.1,1,29,0,0,-0.12704112392163436
0.3333,103.9,1,0,208.9,1,29,0,0,-0.10122372833315135
0.4658,104.1,1,1,121.8,1,26,0,0,-0.08623381475938574
0.75,83.9,1,0,677.9,1,6,0,0,-0.053328788275346484
0.3333,84.5,1,1,314.0,1,17,0,0,-0.15638053334465357
0.0556,56.8,1,0,347.1,1,50,0,1,0.044198087006904974
0.5,106.6,1,0,576.0,1,12,0,0,-0.0852611330329694
0.5,102.0,1,0,453.8,1,26,0,0,-0.11786993044230537
0.0,96.1,0,0,621.6,1,15,1,1,0.01341020408482152
0.6667,91.9,1,1,35.8,1,11,0,0,-0.0881355943155041
0.3333,95.4,1,1,558.9,1,18,0,0,-0.14846220837347657
0.4444,96.6,1,0,48.3,1,20,0,0,-0.08806856852641792
0.875,78.6,1,0,718.7,1,10,0,0,-0.016425490766674322
0.25,80.8,1,0,510.2,1,19,0,0,-0.11804097999734736
0.0,48.4,0,0,670.4,1,53,1,1,0.03463821621104002
0.3333,90.0,1,0,54.5,1,26,0,0,-0.08244902223365469
0.2353,89.1,1,0,177.1,1,24,0,0,-0.10138493953546712
0.75,103.0,1,1,717.9,1,10,0,0,-0.045936837819163134
0.7255,91.2,1,2,204.6,1,11,0,0,-0.06699539929154663
0.3333,74.6,1,1,233.9,1,25,0,0,-0.13369346765655404
0.3333,86.8,1,1,263.7,1,18,0,0,-0.16039258071839535
0.0,83.5,0,0,210.2,1,5,1,1,0.028277297851840855
0.0,72.1,0,0,446.5,1,5,1,1,0.023924303962133076
0.6667,87.2,1,0,650.6,1,13,0,0,-0.09231630514031292
0.3333,95.9,1,0,516.7,1,28,0,0,-0.12500836395379517
1.0,101.3,1,1,32.2,1,6,0,1,0.014581707600611948
0.0171,41.9,1,0,693.4,1,39,0,1,0.047956633873936894
1.0,95.6,1,1,272.7,1,7,0,0,-0.03999921529595829
0.0,101.9,0,1,674.0,1,24,1,1,0.04278618084447139
0.3333,99.3,1,1,515.7,1,21,0,0,-0.15192649259419327
0.0,56.0,0,1,115.7,1,55,1,1,0.05623304974803933
0.6667,83.2,1,1,684.7,1,7,0,0,-0.08295594303100123
0.3333,72.7,1,1,462.9,1,24,0,0,-0.12221533670183488
0.3333,95.8,1,0,647.2,1,24,0,0,-0.11273172971774187
